index,ds,trend,yhat_lower,yhat_upper,trend_lower,trend_upper,additive_terms,additive_terms_lower,additive_terms_upper,yearly,yearly_lower,yearly_upper,multiplicative_terms,multiplicative_terms_lower,multiplicative_terms_upper,yhat
0,12/31/2010,3.98269E+11,395301487441.9887,400183331573.8863,3.98269E+11,3.98269E+11,-435686553.8,-435686553.8,-435686553.8,-435686553.8,-435686553.8,-435686553.8,0,0,0,397833177446.22736
1,1/31/2011,400449108216.2902,397167406179.33856,401911256932.5678,400449108216.2902,400449108216.2902,-943965008.2,-943965008.2,-943965008.2,-943965008.2,-943965008.2,-943965008.2,0,0,0,399505143208.07806
2,2/28/2011,402418361056.81036,399013458329.32916,4.04063E+11,402418361056.81036,402418361056.81036,-917140883.7,-917140883.7,-917140883.7,-917140883.7,-917140883.7,-917140883.7,0,0,0,401501220173.13556
3,3/31/2011,404598605273.1006,401810517382.68713,406432079659.31757,404598605273.1006,404598605273.1006,-434687505.5,-434687505.5,-434687505.5,-434687505.5,-434687505.5,-434687505.5,0,0,0,404163917767.6071
4,4/30/2011,406708519030.8008,404185037352.91925,409099786013.8553,406708519030.8008,406708519030.8008,-18997213.42,-18997213.42,-18997213.42,-18997213.42,-18997213.42,-18997213.42,0,0,0,406689521817.37695
5,5/31/2011,4.08889E+11,406697269675.16425,411421168378.3572,4.08889E+11,4.08889E+11,142795910.9084341,142795910.9084341,142795910.9084341,142795910.9084341,142795910.9084341,142795910.9084341,0,0,0,409031559157.99945
6,6/30/2011,410998677007.70764,408791536663.91656,413613026676.5522,410998677007.70764,410998677007.70764,267547462.62979048,267547462.62979048,267547462.62979048,267547462.62979048,267547462.62979048,267547462.62979048,0,0,0,411266224470.3374
7,7/31/2011,413178921227.0114,410999217358.02997,415680602509.01166,413178921227.0114,413178921227.0114,158307130.7960031,158307130.7960031,158307130.7960031,158307130.7960031,158307130.7960031,158307130.7960031,0,0,0,413337228357.80743
8,8/31/2011,415359165446.3152,413058458685.23126,4.17791E+11,415359165446.3152,415359165446.3152,114821662.8,114821662.8,114821662.8,114821662.8,114821662.8,114821662.8,0,0,0,4.15474E+11
9,9/30/2011,417469079206.93176,415023226208.9404,419984859844.4731,417469079206.93176,417469079206.93176,190092441.2,190092441.2,190092441.2,190092441.2,190092441.2,190092441.2,0,0,0,417659171648.12854
10,10/31/2011,419030445282.49835,4.17255E+11,421951776416.8769,419030445282.49835,419030445282.49835,410757552.0033375,410757552.0033375,410757552.0033375,410757552.0033375,410757552.0033375,410757552.0033375,0,0,0,419441202834.5017
11,11/30/2011,420541444710.4661,418087617801.5886,422916817443.5888,420541444710.4661,420541444710.4661,33614109.236223795,33614109.236223795,33614109.236223795,33614109.236223795,33614109.236223795,33614109.236223795,0,0,0,420575058819.70233
12,12/31/2011,422102810786.0327,419406705878.4708,424129783498.9667,422102810786.0327,422102810786.0327,-339724636.7,-339724636.7,-339724636.7,-339724636.7,-339724636.7,-339724636.7,0,0,0,4.21763E+11
13,1/31/2012,423664176861.59937,420423761495.1054,425072279340.0856,423664176861.59937,423664176861.59937,-846541423.9,-846541423.9,-846541423.9,-846541423.9,-846541423.9,-846541423.9,0,0,0,422817635437.6529
14,2/29/2012,425124809641.96814,422777945486.2767,427457764480.2152,425124809641.96814,425124809641.96814,-157006429.3,-157006429.3,-157006429.3,-157006429.3,-157006429.3,-157006429.3,0,0,0,424967803212.6478
15,3/31/2012,425587871137.11035,422712951432.1495,427427844685.48755,425587871137.11035,425587871137.11035,-339886969.9,-339886969.9,-339886969.9,-339886969.9,-339886969.9,-339886969.9,0,0,0,4.25248E+11
16,4/30/2012,426035995164.6675,423291742581.17017,428205628787.7393,426035995164.6675,426035995164.6675,-264088521,-264088521,-264088521,-264088521,-264088521,-264088521,0,0,0,425771906643.6894
17,5/31/2012,426499056659.8097,423996046073.4926,428813108268.35394,426499056659.8097,426499056659.8097,-187996341.7,-187996341.7,-187996341.7,-187996341.7,-187996341.7,-187996341.7,0,0,0,426311060318.1297
18,6/30/2012,426947180687.3668,424736191493.8637,429310249826.6798,426947180687.3668,426947180687.3668,111790969.88122286,111790969.88122286,111790969.88122286,111790969.88122286,111790969.88122286,111790969.88122286,0,0,0,427058971657.24805
19,7/31/2012,427410242180.2834,425378722167.43207,430296114020.4169,427410242180.2834,427410242180.2834,378896760.9331918,378896760.9331918,378896760.9331918,378896760.9331918,378896760.9331918,378896760.9331918,0,0,0,427789138941.21655
20,8/31/2012,4.27873E+11,425911158575.72424,430492565228.83636,4.27873E+11,4.27873E+11,384367938.03324103,384367938.03324103,384367938.03324103,384367938.03324103,384367938.03324103,384367938.03324103,0,0,0,428257671611.2333
21,9/30/2012,428321427698.60315,426277330738.13824,431089491374.9848,428321427698.60315,428321427698.60315,390560134.9473883,390560134.9473883,390560134.9473883,390560134.9473883,390560134.9473883,390560134.9473883,0,0,0,428711987833.55054
22,10/31/2012,428784489191.5197,4.2663E+11,431137641485.63605,428784489191.5197,428784489191.5197,157141382.98032305,157141382.98032305,157141382.98032305,157141382.98032305,157141382.98032305,157141382.98032305,0,0,0,428941630574.50006
23,11/30/2012,429232613216.92285,426700551109.68256,431574773909.31573,429232613216.92285,429232613216.92285,2027123.201329589,2027123.201329589,2027123.201329589,2027123.201329589,2027123.201329589,2027123.201329589,0,0,0,429234640340.1242
24,12/31/2012,430760958002.5614,427820946519.16864,432508318534.01807,430760958002.5614,430760958002.5614,-628498734.8,-628498734.8,-628498734.8,-628498734.8,-628498734.8,-628498734.8,0,0,0,430132459267.7984
25,1/31/2013,432289302788.1998,428715433551.8715,433652013261.51385,432289302788.1998,432289302788.1998,-1153024374,-1153024374,-1153024374,-1153024374,-1153024374,-1153024374,0,0,0,4.31136E+11
26,2/28/2013,433669743239.7443,430801044434.6539,435623318555.9531,433669743239.7443,433669743239.7443,-409431240.7,-409431240.7,-409431240.7,-409431240.7,-409431240.7,-409431240.7,0,0,0,433260311999.0875
27,3/31/2013,435198088025.3828,432464133545.7976,437262495282.0218,435198088025.3828,435198088025.3828,-376555660.6,-376555660.6,-376555660.6,-376555660.6,-376555660.6,-376555660.6,0,0,0,434821532364.77313
28,4/30/2013,436677131366.32324,434138342487.86115,438843737112.14215,436677131366.32324,436677131366.32324,-185673585.5,-185673585.5,-185673585.5,-185673585.5,-185673585.5,-185673585.5,0,0,0,436491457780.8464
29,5/31/2013,438642009882.46594,436333849198.4353,440854035727.81683,438642009882.46594,438642009882.46594,-77529889,-77529889,-77529889,-77529889,-77529889,-77529889,0,0,0,438564479993.46576
30,6/30/2013,440543505220.6686,438364192381.3178,442978976193.58527,440543505220.6686,440543505220.6686,167409363.5373291,167409363.5373291,167409363.5373291,167409363.5373291,167409363.5373291,167409363.5373291,0,0,0,440710914584.20593
31,7/31/2013,442508383736.8112,440315714090.1266,445143301721.1505,442508383736.8112,442508383736.8112,308606873.7473138,308606873.7473138,308606873.7473138,308606873.7473138,308606873.7473138,308606873.7473138,0,0,0,442816990610.55853
32,8/31/2013,444473262252.9539,442296988601.2419,447094873235.6067,444473262252.9539,444473262252.9539,294712377.40012014,294712377.40012014,294712377.40012014,294712377.40012014,294712377.40012014,294712377.40012014,0,0,0,444767974630.35406
33,9/30/2013,446890491351.5946,444725111290.27155,449628032092.8499,446890491351.5946,446890491351.5946,320610040.85369116,320610040.85369116,320610040.85369116,320610040.85369116,320610040.85369116,320610040.85369116,0,0,0,447211101392.4483
34,10/31/2013,449388294753.5234,447216070113.6085,452069331196.2091,449388294753.5234,449388294753.5234,239323535.3841198,239323535.3841198,239323535.3841198,239323535.3841198,239323535.3841198,239323535.3841198,0,0,0,449627618288.9075
35,11/30/2013,451805523852.16406,449515459846.13385,454274486052.2632,451805523852.16406,451805523852.16406,11914978.66,11914978.66,11914978.66,11914978.66,11914978.66,11914978.66,0,0,0,4.51817E+11
36,12/31/2013,454303327254.0927,451418948959.82654,456235337583.52716,454303327254.0927,454303327254.0927,-531992459.3,-531992459.3,-531992459.3,-531992459.3,-531992459.3,-531992459.3,0,0,0,453771334794.8282
37,1/31/2014,456801130656.0214,453285772914.9019,4.58182E+11,456801130656.0214,456801130656.0214,-1046157708,-1046157708,-1046157708,-1046157708,-1046157708,-1046157708,0,0,0,455754972948.4496
38,2/28/2014,459338427402.15857,456225673332.2837,461039864298.61176,459338427402.15857,459338427402.15857,-662909490.6,-662909490.6,-662909490.6,-662909490.6,-662909490.6,-662909490.6,0,0,0,458675517911.5724
39,3/31/2014,462147577371.0962,459443896687.3934,464283175000.27826,462147577371.0962,462147577371.0962,-408186565.7,-408186565.7,-408186565.7,-408186565.7,-408186565.7,-408186565.7,0,0,0,461739390805.41077
40,4/30/2014,464866109599.10034,462447143362.0132,467047390210.9473,464866109599.10034,464866109599.10034,-103933712.3,-103933712.3,-103933712.3,-103933712.3,-103933712.3,-103933712.3,0,0,0,464762175886.83417
41,5/31/2014,467675259568.0379,465236129406.2571,469905871734.75146,467675259568.0379,467675259568.0379,32794619.16569984,32794619.16569984,32794619.16569984,32794619.16569984,32794619.16569984,32794619.16569984,0,0,0,467708054187.2036
42,6/30/2014,470393792833.8703,468208573776.54297,472982921640.1542,470393792833.8703,470393792833.8703,219353150.02611065,219353150.02611065,219353150.02611065,219353150.02611065,219353150.02611065,219353150.02611065,0,0,0,470613145983.8964
43,7/31/2014,473202943875.2304,471017860820.41174,475855522820.0628,473202943875.2304,473202943875.2304,235043666.2346288,235043666.2346288,235043666.2346288,235043666.2346288,235043666.2346288,235043666.2346288,0,0,0,4.73438E+11
44,8/31/2014,476012094916.59064,473769126340.54626,478601470539.3511,476012094916.59064,476012094916.59064,204812442.2186316,204812442.2186316,204812442.2186316,204812442.2186316,204812442.2186316,204812442.2186316,0,0,0,476216907358.80927
45,9/30/2014,478730628182.42303,476527779664.1522,481263547587.38116,478730628182.42303,478730628182.42303,253759143.5852585,253759143.5852585,253759143.5852585,253759143.5852585,253759143.5852585,253759143.5852585,0,0,0,478984387326.0083
46,10/31/2014,481539779223.7832,479317661236.7804,484136523528.6863,481539779223.7832,481539779223.7832,323889643.1390585,323889643.1390585,323889643.1390585,323889643.1390585,323889643.1390585,323889643.1390585,0,0,0,481863668866.92224
47,11/30/2014,485926971709.3281,483451631118.5336,4.88271E+11,485926971709.3281,485926971709.3281,22467425.751739234,22467425.751739234,22467425.751739234,22467425.751739234,22467425.751739234,22467425.751739234,0,0,0,485949439135.07983
48,12/31/2014,490460403944.3912,4.87474E+11,492532133933.1978,490460403944.3912,490460403944.3912,-435686553.8,-435686553.8,-435686553.8,-435686553.8,-435686553.8,-435686553.8,0,0,0,490024717390.6184
49,1/31/2015,494993836179.45435,491641505809.6588,496370435081.82275,494993836179.45435,494993836179.45435,-943965008.2,-943965008.2,-943965008.2,-943965008.2,-943965008.2,-943965008.2,0,0,0,494049871171.2419
50,2/28/2015,499088549165.96295,495817353656.41376,500818128289.5967,499088549165.96295,499088549165.96295,-917140883.7,-917140883.7,-917140883.7,-917140883.7,-917140883.7,-917140883.7,0,0,0,498171408282.2901
51,3/31/2015,503621981401.02594,500833316833.11926,505617737937.0952,503621981401.02594,503621981401.02594,-434687505.5,-434687505.5,-434687505.5,-434687505.5,-434687505.5,-434687505.5,0,0,0,503187293895.5319
52,4/30/2015,5.08379E+11,505905205068.23157,510702925134.32715,5.08379E+11,5.08379E+11,-18997213.42,-18997213.42,-18997213.42,-18997213.42,-18997213.42,-18997213.42,0,0,0,508359914102.3056
53,5/31/2015,513294405560.9222,511067188652.36163,515769638422.5411,513294405560.9222,513294405560.9222,142795910.90855873,142795910.90855873,142795910.90855873,142795910.90855873,142795910.90855873,142795910.90855873,0,0,0,513437201471.83075
54,6/30/2015,518051335475.62524,5.15994E+11,520715458776.07104,518051335475.62524,518051335475.62524,267547462.62967077,267547462.62967077,267547462.62967077,267547462.62967077,267547462.62967077,267547462.62967077,0,0,0,518318882938.25494
55,7/31/2015,522966829720.8184,520716631198.80884,525504485629.6388,522966829720.8184,522966829720.8184,158307130.7950643,158307130.7950643,158307130.7950643,158307130.7950643,158307130.7950643,158307130.7950643,0,0,0,523125136851.61346
56,8/31/2015,527882324075.6893,525674764609.34436,530458578304.78217,527882324075.6893,527882324075.6893,114821662.84474963,114821662.84474963,114821662.84474963,114821662.84474963,114821662.84474963,114821662.84474963,0,0,0,5.27997E+11
57,9/30/2015,532639254096.5321,530280108736.1719,535270994763.4877,532639254096.5321,532639254096.5321,190092441.19675216,190092441.19675216,190092441.19675216,190092441.19675216,190092441.19675216,190092441.19675216,0,0,0,532829346537.7289
58,10/31/2015,537554748451.4031,5.35602E+11,540351307072.5561,537554748451.4031,537554748451.4031,410757552.00348455,410757552.00348455,410757552.00348455,410757552.00348455,410757552.00348455,410757552.00348455,0,0,0,537965506003.40656
59,11/30/2015,542311678472.2458,539830825113.4783,5.44604E+11,542311678472.2458,542311678472.2458,33614109.24,33614109.24,33614109.24,33614109.24,33614109.24,33614109.24,0,0,0,542345292581.4826
60,12/31/2015,547227172827.11676,544401745839.70636,549063459806.8426,547227172827.11676,547227172827.11676,-339724636.7,-339724636.7,-339724636.7,-339724636.7,-339724636.7,-339724636.7,0,0,0,546887448190.4048
61,1/31/2016,549318385468.0931,546036127890.0251,550815183210.3596,549318385468.0931,549318385468.0931,-846541423.9,-846541423.9,-846541423.9,-846541423.9,-846541423.9,-846541423.9,0,0,0,5.48472E+11
62,2/29/2016,551274681164.4902,5.48689E+11,553463116666.7874,551274681164.4902,551274681164.4902,-157006429.3,-157006429.3,-157006429.3,-157006429.3,-157006429.3,-157006429.3,0,0,0,551117674735.1694
63,3/31/2016,553365893805.4666,550646147860.3608,555404127554.9539,553365893805.4666,553365893805.4666,-339886969.9,-339886969.9,-339886969.9,-339886969.9,-339886969.9,-339886969.9,0,0,0,5.53026E+11
64,4/30/2016,555389647974.1534,5.52777E+11,5.57653E+11,555389647974.1534,555389647974.1534,-264088521,-264088521,-264088521,-264088521,-264088521,-264088521,0,0,0,555125559453.1755
65,5/31/2016,557445746153.1082,5.54795E+11,559663711501.2993,557445746153.1082,557445746153.1082,-187996341.7,-187996341.7,-187996341.7,-187996341.7,-187996341.7,-187996341.7,0,0,0,557257749811.4277
66,6/30/2016,559435518584.3549,557170429135.5269,561937234866.5206,559435518584.3549,559435518584.3549,111790969.88203499,111790969.88203499,111790969.88203499,111790969.88203499,111790969.88203499,111790969.88203499,0,0,0,559547309554.2369
67,7/31/2016,561491616763.3098,559678461855.7234,564174540563.0865,561491616763.3098,561491616763.3098,378896760.9327829,378896760.9327829,378896760.9327829,378896760.9327829,378896760.9327829,378896760.9327829,0,0,0,561870513524.2426
68,8/31/2016,563547714942.2646,561573885409.1581,566258731313.8579,563547714942.2646,563547714942.2646,384367938.03291786,384367938.03291786,384367938.03291786,384367938.03291786,384367938.03291786,384367938.03291786,0,0,0,563932082880.2976
69,9/30/2016,565537487373.5112,563411416860.7092,568211782094.2107,565537487373.5112,565537487373.5112,390560134.9471516,390560134.9471516,390560134.9471516,390560134.9471516,390560134.9471516,390560134.9471516,0,0,0,565928047508.4584
70,10/31/2016,567593585594.2516,5.65246E+11,5.70204E+11,567593585594.2516,567593585594.2516,157141382.98071927,157141382.98071927,157141382.98071927,157141382.98071927,157141382.98071927,157141382.98071927,0,0,0,567750726977.2323
71,11/30/2016,569583358065.9359,567239948318.1077,571881941217.8169,569583358065.9359,569583358065.9359,2027123.2011603746,2027123.2011603746,2027123.2011603746,2027123.2011603746,2027123.2011603746,2027123.2011603746,0,0,0,569585385189.1371
72,12/31/2016,571639456286.6764,568574100909.3412,5.73477E+11,571639456286.6764,571639456286.6764,-628498734.8,-628498734.8,-628498734.8,-628498734.8,-628498734.8,-628498734.8,0,0,0,571010957551.9133
73,1/31/2017,573695554507.4167,570239827137.5956,574884418831.6257,573695554507.4167,573695554507.4167,-1153024374,-1153024374,-1153024374,-1153024374,-1153024374,-1153024374,0,0,0,572542530133.1515
74,2/28/2017,575552675480.9888,572749221664.9161,577560505915.5432,575552675480.9888,575552675480.9888,-409431240.7,-409431240.7,-409431240.7,-409431240.7,-409431240.7,-409431240.7,0,0,0,575143244240.3339
75,3/31/2017,577608773419.5837,5.74719E+11,579433344065.0393,577608773419.5837,577608773419.5837,-376555660.6,-376555660.6,-376555660.6,-376555660.6,-376555660.6,-376555660.6,0,0,0,577232217758.9741
76,4/30/2017,5.79599E+11,577172786913.5671,581751137689.4851,5.79599E+11,5.79599E+11,-185673585.5,-185673585.5,-185673585.5,-185673585.5,-185673585.5,-185673585.5,0,0,0,579412872032.7472
77,5/31/2017,581654643556.8188,579224109905.4144,583952883031.2574,581654643556.8188,581654643556.8188,-77529889,-77529889,-77529889,-77529889,-77529889,-77529889,0,0,0,581577113667.8184
78,6/30/2017,583644415755.4591,581479116639.5991,586195245452.2184,583644415755.4591,583644415755.4591,167409363.53664857,167409363.53664857,167409363.53664857,167409363.53664857,167409363.53664857,167409363.53664857,0,0,0,583811825118.9957
79,7/31/2017,585700513613.1256,583549325807.2498,588386295603.3223,585700513613.1256,585700513613.1256,308606873.74634296,308606873.74634296,308606873.74634296,308606873.74634296,308606873.74634296,308606873.74634296,0,0,0,5.86009E+11
80,8/31/2017,587756611470.7921,585747016811.1946,590345847062.5542,587756611470.7921,587756611470.7921,294712377.4,294712377.4,294712377.4,294712377.4,294712377.4,294712377.4,0,0,0,588051323848.1917
81,9/30/2017,589746383591.1146,587840248871.5809,592348271876.5886,589746383591.1146,589746383591.1146,320610040.85278934,320610040.85278934,320610040.85278934,320610040.85278934,320610040.85278934,320610040.85278934,0,0,0,590066993631.9674
82,10/31/2017,591802481448.7812,589715515748.0974,5.94364E+11,591802481448.7812,591802481448.7812,239323535.3850003,239323535.3850003,239323535.3850003,239323535.3850003,239323535.3850003,239323535.3850003,0,0,0,592041804984.1663
83,11/30/2017,593792253569.1036,591540703405.1768,596086671023.5453,593792253569.1036,593792253569.1036,11914978.663390558,11914978.663390558,11914978.663390558,11914978.663390558,11914978.663390558,11914978.663390558,0,0,0,5.93804E+11
84,12/31/2017,595513490159.5104,592577149985.1014,597374767310.5698,595513490159.5104,595513490159.5104,-531992459.3,-531992459.3,-531992459.3,-531992459.3,-531992459.3,-531992459.3,0,0,0,594981497700.2466
85,1/31/2018,5.97235E+11,593871811516.0891,598490720227.3553,5.97235E+11,5.97235E+11,-1046157708,-1046157708,-1046157708,-1046157708,-1046157708,-1046157708,0,0,0,596188569042.3452
86,2/28/2018,598789392057.3811,595608467074.1272,600460149558.4036,598789392057.3811,598789392057.3811,-662909490.6,-662909490.6,-662909490.6,-662909490.6,-662909490.6,-662909490.6,0,0,0,598126482566.7958
87,3/31/2018,600510628647.7878,597669567898.0115,602402292809.3541,600510628647.7878,600510628647.7878,-408186565.7,-408186565.7,-408186565.7,-408186565.7,-408186565.7,-408186565.7,0,0,0,600102442082.1031
88,4/30/2018,601722133050.1089,599155045772.2576,603919269668.2955,601722133050.1089,601722133050.1089,-103933712.3,-103933712.3,-103933712.3,-103933712.3,-103933712.3,-103933712.3,0,0,0,601618199337.8418
89,5/31/2018,602974020932.5072,6.0066E+11,605371924925.1385,602974020932.5072,602974020932.5072,32794619.16,32794619.16,32794619.16,32794619.16,32794619.16,32794619.16,0,0,0,603006815551.6716
90,6/30/2018,604185525334.8284,602038061781.1383,606589929475.0256,604185525334.8284,604185525334.8284,219353150.02536526,219353150.02536526,219353150.02536526,219353150.02536526,219353150.02536526,219353150.02536526,0,0,0,604404878484.8538
91,7/31/2018,605437413217.2269,603413522736.9667,6.07927E+11,605437413217.2269,605437413217.2269,235043666.23497206,235043666.23497206,235043666.23497206,235043666.23497206,235043666.23497206,235043666.23497206,0,0,0,605672456883.4619
92,8/31/2018,606689301099.6252,6.04406E+11,609244828236.9397,606689301099.6252,606689301099.6252,204812442.2187541,204812442.2187541,204812442.2187541,204812442.2187541,204812442.2187541,204812442.2187541,0,0,0,6.06894E+11
93,9/30/2018,607807372587.5043,605771529470.3373,610468726044.0961,607807372587.5043,607807372587.5043,253759143.5861955,253759143.5861955,253759143.5861955,253759143.5861955,253759143.5861955,253759143.5861955,0,0,0,608061131731.0905
94,10/31/2018,608962713124.9791,607011048880.0101,611702092845.4908,608962713124.9791,608962713124.9791,323889643.1385698,323889643.1385698,323889643.1385698,323889643.1385698,323889643.1385698,323889643.1385698,0,0,0,609286602768.1177
95,11/30/2018,6.10081E+11,607749135771.6646,612487437165.7142,6.10081E+11,6.10081E+11,22467425.752109386,22467425.752109386,22467425.752109386,22467425.752109386,22467425.752109386,22467425.752109386,0,0,0,610103252038.6101
96,12/31/2018,611236125150.3329,608248817249.2767,612891569194.7048,611236125150.3329,611236125150.3329,-435686553.8,-435686553.8,-435686553.8,-435686553.8,-435686553.8,-435686553.8,0,0,0,610800438596.5603
97,1/31/2019,612391465687.8079,6.09212E+11,613880156223.1592,612391465687.8079,612391465687.8079,-943965008.2,-943965008.2,-943965008.2,-943965008.2,-943965008.2,-943965008.2,0,0,0,611447500679.5958
98,2/28/2019,612567659270.8822,609338099295.3203,614117059011.3795,612567659270.8822,612567659270.8822,-917140883.7,-917140883.7,-917140883.7,-917140883.7,-917140883.7,-917140883.7,0,0,0,611650518387.2086
99,3/31/2019,612762730737.8574,609943430447.5579,6.14674E+11,612762730737.8574,612762730737.8574,-434687505.5,-434687505.5,-434687505.5,-434687505.5,-434687505.5,-434687505.5,0,0,0,612328043232.3639
100,4/30/2019,612951509576.8657,610549541954.0349,615269445160.9458,612951509576.8657,612951509576.8657,-18997213.42,-18997213.42,-18997213.42,-18997213.42,-18997213.42,-18997213.42,0,0,0,612932512363.4417
101,5/31/2019,6.13147E+11,611086012591.7439,615703058049.0658,6.13147E+11,6.13147E+11,142795910.90807784,142795910.90807784,142795910.90807784,142795910.90807784,142795910.90807784,142795910.90807784,0,0,0,6.13289E+11
102,6/30/2019,6.13335E+11,611075230551.1056,615773289664.0652,6.13335E+11,6.13335E+11,267547462.62915418,267547462.62915418,267547462.62915418,267547462.62915418,267547462.62915418,267547462.62915418,0,0,0,613602907328.4431
103,7/31/2019,6.1353E+11,611198711551.8501,616038794980.7656,6.1353E+11,6.1353E+11,158307130.79625103,158307130.79625103,158307130.79625103,158307130.79625103,158307130.79625103,158307130.79625103,0,0,0,613688738445.9823
104,8/31/2019,6.13726E+11,611442780295.3202,616145855386.0325,6.13726E+11,6.13726E+11,114821662.84509638,114821662.84509638,114821662.84509638,114821662.84509638,114821662.84509638,114821662.84509638,0,0,0,613840324427.4031
105,9/30/2019,613914281586.5309,611637060399.3691,616445487073.8925,613914281586.5309,613914281586.5309,190092441.1960367,190092441.1960367,190092441.1960367,190092441.1960367,190092441.1960367,190092441.1960367,0,0,0,614104374027.7269
106,10/31/2019,6.14109E+11,612251854759.7594,616880819982.8251,6.14109E+11,6.14109E+11,410757552.0030993,410757552.0030993,410757552.0030993,410757552.0030993,410757552.0030993,410757552.0030993,0,0,0,6.1452E+11
107,11/30/2019,616869164137.1367,614480757616.1984,6.19538E+11,616869164137.1367,616869164137.1367,33614109.24,33614109.24,33614109.24,33614109.24,33614109.24,33614109.24,0,0,0,616902778246.3728
108,12/31/2019,619720968941.7449,6.17133E+11,621778311355.5957,619720968941.7449,619720968941.7449,-339724636.7,-339724636.7,-339724636.7,-339724636.7,-339724636.7,-339724636.7,0,0,0,619381244305.0322
109,1/31/2020,6.22573E+11,619429223961.1068,624058434334.5829,6.22573E+11,6.22573E+11,-846541423.9,-846541423.9,-846541423.9,-846541423.9,-846541423.9,-846541423.9,0,0,0,621726232322.4071
110,2/29/2020,6.25241E+11,622902245407.9845,6.2751E+11,6.25241E+11,6.25241E+11,-157006429.3,-157006429.3,-157006429.3,-157006429.3,-157006429.3,-157006429.3,0,0,0,625083584714.8931
111,3/31/2020,629947153773.1414,627045139584.5182,632137867229.4106,629947153773.1414,629947153773.1414,-339886969.9,-339886969.9,-339886969.9,-339886969.9,-339886969.9,-339886969.9,0,0,0,629607266803.2698
112,4/30/2020,634501891801.1377,631884630476.6069,636599840020.0054,634501891801.1377,634501891801.1377,-264088521,-264088521,-264088521,-264088521,-264088521,-264088521,0,0,0,634237803280.1592
113,5/31/2020,639208454430.0671,636806737825.6572,6.41319E+11,639208454430.0671,639208454430.0671,-187996341.7,-187996341.7,-187996341.7,-187996341.7,-187996341.7,-187996341.7,0,0,0,639020458088.3857
114,6/30/2020,643763192458.0632,641660590182.8923,646328408662.1484,643763192458.0632,643763192458.0632,111790969.88090014,111790969.88090014,111790969.88090014,111790969.88090014,111790969.88090014,111790969.88090014,0,0,0,643874983427.9441
115,7/31/2020,648469755086.9927,646469115934.8651,6.51122E+11,648469755086.9927,648469755086.9927,378896760.93345475,378896760.93345475,378896760.93345475,378896760.93345475,378896760.93345475,378896760.93345475,0,0,0,648848651847.9261
116,8/31/2020,654366290463.3552,652316062441.3826,657027313298.8644,654366290463.3552,654366290463.3552,384367938.03191835,384367938.03191835,384367938.03191835,384367938.03191835,384367938.03191835,384367938.03191835,0,0,0,654750658401.3871
117,9/30/2020,660072615021.1255,658073665745.7922,662929732877.2126,660072615021.1255,660072615021.1255,390560134.94671565,390560134.94671565,390560134.94671565,390560134.94671565,390560134.94671565,390560134.94671565,0,0,0,660463175156.0721
118,10/31/2020,665969150397.4882,6.63642E+11,668606956981.7816,665969150397.4882,665969150397.4882,157141382.98079795,157141382.98079795,157141382.98079795,157141382.98079795,157141382.98079795,157141382.98079795,0,0,0,6.66126E+11
119,11/30/2020,671675474955.2585,669405757913.3685,674049510844.7876,671675474955.2585,671675474955.2585,2027123.2022928318,2027123.2022928318,2027123.2022928318,2027123.2022928318,2027123.2022928318,2027123.2022928318,0,0,0,671677502078.4608
120,12/31/2020,677572010331.6212,674620263668.0013,679207281344.4946,677572010331.6212,677572010331.6212,-628498734.8,-628498734.8,-628498734.8,-628498734.8,-628498734.8,-628498734.8,0,0,0,676943511596.8591
121,1/31/2021,683468545707.9838,679881609588.8727,684701927027.5424,683468545707.9838,683468545707.9838,-1153024374,-1153024374,-1153024374,-1153024374,-1153024374,-1153024374,0,0,0,682315521333.7185
122,2/28/2021,688794448628.5695,685922465118.4553,6.90748E+11,688794448628.5695,688794448628.5695,-409431240.7,-409431240.7,-409431240.7,-409431240.7,-409431240.7,-409431240.7,0,0,0,688385017387.9128
123,3/31/2021,694690984004.9321,691927727024.8346,696632569481.5226,694690984004.9321,694690984004.9321,-376555660.6,-376555660.6,-376555660.6,-376555660.6,-376555660.6,-376555660.6,0,0,0,694314428344.3217
124,4/30/2021,700397308562.7025,6.97759E+11,702568015090.2927,700397308562.7025,700397308562.7025,-185673585.5,-185673585.5,-185673585.5,-185673585.5,-185673585.5,-185673585.5,0,0,0,700211634977.2256
125,5/31/2021,706293843939.0651,703682391253.5607,708533739408.9545,706293843939.0651,706293843939.0651,-77529889,-77529889,-77529889,-77529889,-77529889,-77529889,0,0,0,706216314050.0648
126,6/30/2021,712000168496.8354,709735050956.2532,714555614035.5402,712000168496.8354,712000168496.8354,167409363.53705794,167409363.53705794,167409363.53705794,167409363.53705794,167409363.53705794,167409363.53705794,0,0,0,712167577860.3726
127,7/31/2021,717896703873.1981,715812135799.6738,720621887080.8838,717896703873.1981,717896703873.1981,308606873.7471131,308606873.7471131,308606873.7471131,308606873.7471131,308606873.7471131,308606873.7471131,0,0,0,718205310746.9452
128,8/31/2021,723793239249.5607,721482177012.7849,726533278766.0527,723793239249.5607,723793239249.5607,294712377.4009252,294712377.4009252,294712377.4009252,294712377.4009252,294712377.4009252,294712377.4009252,0,0,0,724087951626.9615
129,9/30/2021,7.295E+11,727540778341.8417,732342604835.5516,7.295E+11,7.295E+11,320610040.85385793,320610040.85385793,320610040.85385793,320610040.85385793,320610040.85385793,320610040.85385793,0,0,0,729820173848.1849
130,10/31/2021,735396099183.6937,733357726063.3025,7.37952E+11,735396099183.6937,735396099183.6937,239323535.38402382,239323535.38402382,239323535.38402382,239323535.38402382,239323535.38402382,239323535.38402382,0,0,0,735635422719.0778
131,11/30/2021,741102423741.4641,7.38786E+11,743415399569.5111,741102423741.4641,741102423741.4641,11914978.663616393,11914978.663616393,11914978.663616393,11914978.663616393,11914978.663616393,11914978.663616393,0,0,0,741114338720.1277
132,12/31/2021,746998959117.8268,744147788081.3278,7.49071E+11,746998959117.8268,746998959117.8268,-531992459.3,-531992459.3,-531992459.3,-531992459.3,-531992459.3,-531992459.3,0,0,0,746466966658.5621
133,1/31/2022,752895494494.1893,7.49462E+11,754020273704.0189,752895494494.1893,752895494494.1893,-1046157708,-1046157708,-1046157708,-1046157708,-1046157708,-1046157708,0,0,0,751849336786.6178
134,2/28/2022,7.58221E+11,755344389645.3936,759923652997.2311,7.58221E+11,7.58221E+11,-662909490.6,-662909490.6,-662909490.6,-662909490.6,-662909490.6,-662909490.6,0,0,0,757558487924.1876
135,3/31/2022,764117932791.1377,761212006678.3999,766185366414.5905,764117932791.1377,764117932791.1377,-408186565.7,-408186565.7,-408186565.7,-408186565.7,-408186565.7,-408186565.7,0,0,0,763709746225.4529
136,4/30/2022,769824257348.9081,767374530588.6713,772211800003.5315,769824257348.9081,769824257348.9081,-103933712.3,-103933712.3,-103933712.3,-103933712.3,-103933712.3,-103933712.3,0,0,0,769720323636.6417
137,5/31/2022,775720792725.2706,773447527484.4344,778076026422.4121,775720792725.2706,775720792725.2706,32794619.16557861,32794619.16557861,32794619.16557861,32794619.16557861,32794619.16557861,32794619.16557861,0,0,0,775753587344.4362
138,6/30/2022,7.81427E+11,779281094509.9357,7.84112E+11,7.81427E+11,7.81427E+11,219353150.02613625,219353150.02613625,219353150.02613625,219353150.02613625,219353150.02613625,219353150.02613625,0,0,0,781646470433.0671
139,7/31/2022,787323652659.4037,785074882697.3025,789792498626.1725,787323652659.4037,787323652659.4037,235043666.23455307,235043666.23455307,235043666.23455307,235043666.23455307,235043666.23455307,235043666.23455307,0,0,0,787558696325.6382
140,8/31/2022,793220188035.7662,791090355333.7789,795890921218.1841,793220188035.7662,793220188035.7662,204812442.21840987,204812442.21840987,204812442.21840987,204812442.21840987,204812442.21840987,204812442.21840987,0,0,0,793425000477.9846
141,9/30/2022,798926512593.5366,796856401182.7836,801621546101.6276,798926512593.5366,798926512593.5366,253759143.58535215,253759143.58535215,253759143.58535215,253759143.58535215,253759143.58535215,253759143.58535215,0,0,0,7.9918E+11
142,10/31/2022,804823047969.8993,802760358404.8604,807441888177.4125,804823047969.8993,804823047969.8993,323889643.13793015,323889643.13793015,323889643.13793015,323889643.13793015,323889643.13793015,323889643.13793015,0,0,0,805146937613.0372
143,11/30/2022,810529372527.6697,8.08195E+11,812927844311.6604,810529372527.6697,810529372527.6697,22467425.751820907,22467425.751820907,22467425.751820907,22467425.751820907,22467425.751820907,22467425.751820907,0,0,0,810551839953.4215
144,12/31/2022,816425907904.0323,8.13714E+11,8.18525E+11,816425907904.0323,816425907904.0323,-435686553.8,-435686553.8,-435686553.8,-435686553.8,-435686553.8,-435686553.8,0,0,0,8.1599E+11
145,1/31/2023,822322443280.3949,818968011403.5337,823827794491.8705,822322443280.3949,822322443280.3949,-943965008.2,-943965008.2,-943965008.2,-943965008.2,-943965008.2,-943965008.2,0,0,0,821378478272.1825
146,2/28/2023,827648346200.9805,8.24218E+11,8.29259E+11,827477328876.6847,827939293313.7594,-917140883.7,-917140883.7,-917140883.7,-917140883.7,-917140883.7,-917140883.7,0,0,0,826731205317.3065
147,3/31/2023,833544881577.3433,830610037018.8785,835824953088.1534,8.32916E+11,834362973252.1946,-434687505.5,-434687505.5,-434687505.5,-434687505.5,-434687505.5,-434687505.5,0,0,0,8.3311E+11
148,4/30/2023,839251206135.1136,836402418715.1176,842349579222.4191,837880096234.2599,840711608713.9255,-18997213.42,-18997213.42,-18997213.42,-18997213.42,-18997213.42,-18997213.42,0,0,0,839232208921.6907
149,5/31/2023,845147741511.4763,842180894227.1119,848689878971.7965,843173524887.7656,847401543877.7509,142795910.90801328,142795910.90801328,142795910.90801328,142795910.90801328,142795910.90801328,142795910.90801328,0,0,0,845290537422.3843
150,6/30/2023,850854066069.2466,847353847332.3342,855195743910.0906,847978956262.9165,854068355809.9982,267547462.62940866,267547462.62940866,267547462.62940866,267547462.62940866,267547462.62940866,267547462.62940866,0,0,0,8.51122E+11
151,7/31/2023,856750601445.6091,852655498986.1681,861679524499.4199,852793112847.8182,860968066454.4276,158307130.79578915,158307130.79578915,158307130.79578915,158307130.79578915,158307130.79578915,158307130.79578915,0,0,0,856908908576.4049
152,8/31/2023,862647136821.9719,857199352019.1134,868804565705.3705,857759824876.0844,867938243431.0519,114821662.84378254,114821662.84378254,114821662.84378254,114821662.84378254,114821662.84378254,114821662.84378254,0,0,0,862761958484.8157
153,9/30/2023,868353461379.7422,862184918396.6503,875776589349.0862,862262358540.4572,874909282464.5688,190092441.1955533,190092441.1955533,190092441.1955533,190092441.1955533,190092441.1955533,190092441.1955533,0,0,0,868543553820.9377
154,10/31/2023,874249996756.1047,867313833062.9465,882501708245.2507,867020783342.9642,882060901263.1887,410757552.0032908,410757552.0032908,410757552.0032908,410757552.0032908,410757552.0032908,410757552.0032908,0,0,0,8.74661E+11
155,11/30/2023,879956321313.8751,871147979711.6647,889593149405.1403,871482802822.2073,889160305443.0002,33614109.23656052,33614109.23656052,33614109.23656052,33614109.23656052,33614109.23656052,33614109.23656052,0,0,0,879989935423.1117
156,12/31/2023,885852856690.2378,875335616593.6504,896450327598.3333,875905362571.2312,896595338538.6636,-339724636.7,-339724636.7,-339724636.7,-339724636.7,-339724636.7,-339724636.7,0,0,0,885513132053.5256
157,1/31/2024,891749392066.6006,879599866897.6927,903529407834.6967,880614596111.7936,903964797773.6107,-846541423.9,-846541423.9,-846541423.9,-846541423.9,-846541423.9,-846541423.9,0,0,0,890902850642.6545
158,2/29/2024,897265505805.7786,884302010094.9487,911272590062.0792,884777375496.3789,911056135430.6017,-157006429.3,-157006429.3,-157006429.3,-157006429.3,-157006429.3,-157006429.3,0,0,0,897108499376.4591
159,3/31/2024,903162041182.1412,888542289090.7266,918335233361.2942,889408707972.8802,918649097338.3741,-339886969.9,-339886969.9,-339886969.9,-339886969.9,-339886969.9,-339886969.9,0,0,0,902822154212.2697
160,4/30/2024,908868365739.9114,893157210723.2328,925178442647.3174,893746875499.3665,925857271706.4387,-264088521,-264088521,-264088521,-264088521,-264088521,-264088521,0,0,0,908604277218.9332
161,5/31/2024,914764901116.2742,897031623514.5925,932778413719.0952,898317701657.3412,932960862214.3341,-187996341.7,-187996341.7,-187996341.7,-187996341.7,-187996341.7,-187996341.7,0,0,0,914576904774.5933
162,6/30/2024,920471225674.0446,902079786953.6304,9.40582E+11,9.02233E+11,939818117245.4602,111790969.88154805,111790969.88154805,111790969.88154805,111790969.88154805,111790969.88154805,111790969.88154805,0,0,0,920583016643.9261
163,7/31/2024,926367761050.4072,906720497694.5985,9.47852E+11,906309223393.9697,947602897644.1823,378896760.9,378896760.9,378896760.9,378896760.9,378896760.9,378896760.9,0,0,0,926746657811.3401
164,8/31/2024,932264296426.7698,910429724017.1688,956212655058.4452,910331239286.6956,9.55751E+11,384367938.0315511,384367938.0315511,384367938.0315511,384367938.0315511,384367938.0315511,384367938.0315511,0,0,0,932648664364.8013
165,9/30/2024,9.37971E+11,914758865910.9476,963061674177.2498,9.14042E+11,962655817941.4963,390560134.9474979,390560134.9474979,390560134.9474979,390560134.9474979,390560134.9474979,390560134.9474979,0,0,0,938361181119.4875
166,10/31/2024,943867156360.9028,918258235486.0679,969978374119.4285,9.17962E+11,970089171687.8966,157141382.98078966,157141382.98078966,157141382.98078966,157141382.98078966,157141382.98078966,157141382.98078966,0,0,0,944024297743.8837
167,11/30/2024,9.49573E+11,921813255817.1854,977407028490.4169,921584850121.9333,977296740074.3475,2027123.2029501433,2027123.2029501433,2027123.2029501433,2027123.2029501433,2027123.2029501433,2027123.2029501433,0,0,0,9.49576E+11
168,12/31/2024,955470016295.0359,925064608901.3704,984863301231.3367,925526007679.3684,985366138582.2191,-628498734.8,-628498734.8,-628498734.8,-628498734.8,-628498734.8,-628498734.8,0,0,0,954841517560.2727
169,1/31/2025,961366551671.3984,928165143136.2675,992302255919.1793,9.29855E+11,993310856297.1354,-1153024374,-1153024374,-1153024374,-1153024374,-1153024374,-1153024374,0,0,0,960213527297.1333
170,2/28/2025,9.66692E+11,932884288718.7178,1001577397149.9137,933499305578.3789,1000903598997.2905,-409431240.7,-409431240.7,-409431240.7,-409431240.7,-409431240.7,-409431240.7,0,0,0,9.66283E+11
171,3/31/2025,972588989968.3468,937506192918.2775,1009310495818.4249,9.37585E+11,1009365114393.3643,-376555660.6,-376555660.6,-376555660.6,-376555660.6,-376555660.6,-376555660.6,0,0,0,972212434307.7374
172,4/30/2025,978295314526.1171,940153355991.8157,1018312375522.0151,940820676140.9615,1017436721174.5446,-185673585.5,-185673585.5,-185673585.5,-185673585.5,-185673585.5,-185673585.5,0,0,0,978109640940.6403
173,5/31/2025,984191849902.4796,944953340380.5719,1026426308468.6534,944768894965.1581,1025928483428.6528,-77529889,-77529889,-77529889,-77529889,-77529889,-77529889,0,0,0,9.84114E+11
174,6/30/2025,989898174460.2499,948724010360.9255,1034532717093.729,947960120370.9652,1034332304772.987,167409363.5362339,167409363.5362339,167409363.5362339,167409363.5362339,167409363.5362339,167409363.5362339,0,0,0,990065583823.7861
175,7/31/2025,995794709836.6124,951882947177.8763,1043534060173.4199,951041328701.2034,1042462880251.9634,308606873.7469656,308606873.7469656,308606873.7469656,308606873.7469656,308606873.7469656,308606873.7469656,0,0,0,996103316710.3594
176,8/31/2025,1001691245212.9755,955096386222.5345,1051216403523.7739,954077804878.7688,1051490039797.6017,294712377.39982706,294712377.39982706,294712377.39982706,294712377.39982706,294712377.39982706,294712377.39982706,0,0,0,1001985957590.3752
177,9/30/2025,1007397569770.7457,957864767474.9967,1059479431842.928,957875212295.5188,1059596350497.483,320610040.8531309,320610040.8531309,320610040.8531309,320610040.8531309,320610040.8531309,320610040.8531309,0,0,0,1007718179811.5989
178,10/31/2025,1013294105147.1083,961694664865.1237,1068734634713.157,961498338077.5344,1068515598587.321,239323535.38434592,239323535.38434592,239323535.38434592,239323535.38434592,239323535.38434592,239323535.38434592,0,0,0,1013533428682.4927
179,11/30/2025,1019000429704.8785,965685853480.5511,1075637969999.2714,965463860259.9769,1076254824486.5927,11914978.66,11914978.66,11914978.66,11914978.66,11914978.66,11914978.66,0,0,0,1019012344683.5424
180,12/31/2025,1024896965081.2411,968515824588.9923,1084686173740.2798,969150505988.5165,1084607110163.3168,-531992459.3,-531992459.3,-531992459.3,-531992459.3,-531992459.3,-531992459.3,0,0,0,1024364972621.9773
181,1/31/2026,1030793500457.6039,971037617219.4647,1091688236240.7982,972677037593.5852,1093123154336.0632,-1046157708,-1046157708,-1046157708,-1046157708,-1046157708,-1046157708,0,0,0,1029747342750.0316
182,2/28/2026,1036119403378.1895,973213597512.2296,1100335156251.8528,975548031101.8402,1101068566053.0322,-662909490.6,-662909490.6,-662909490.6,-662909490.6,-662909490.6,-662909490.6,0,0,0,1035456493887.6046
183,3/31/2026,1042015938754.5522,9.78738E+11,1110203461283.4402,978607684947.0143,1109733620515.4436,-408186565.7,-408186565.7,-408186565.7,-408186565.7,-408186565.7,-408186565.7,0,0,0,1041607752188.8674
184,4/30/2026,1047722263312.3225,982063093733.5292,1118437059337.3857,982442135316.7336,1118556899829.4558,-103933712.3,-103933712.3,-103933712.3,-103933712.3,-103933712.3,-103933712.3,0,0,0,1047618329600.0553
185,5/31/2026,1053618798688.6853,985106792147.1342,1126851349322.2173,985785443944.2278,1126866029544.5093,32794619.16633475,32794619.16633475,32794619.16633475,32794619.16633475,32794619.16633475,32794619.16633475,0,0,0,1053651593307.8517
186,6/30/2026,1059325123246.4556,989635508579.4142,1135302232028.8145,988730805048.2683,1135097429654.0586,219353150.02505544,219353150.02505544,219353150.02505544,219353150.02505544,219353150.02505544,219353150.02505544,0,0,0,1059544476396.4806
187,7/31/2026,1065221658622.8181,992035345004.3256,1144939285317.8018,9.9173E+11,1143359375812.9497,235043666.2342522,235043666.2342522,235043666.2342522,235043666.2342522,235043666.2342522,235043666.2342522,0,0,0,1065456702289.0524
188,8/31/2026,1071118193999.1808,9.96894E+11,1151933321793.8843,995960553209.3754,1152071072645.749,204812442.21879977,204812442.21879977,204812442.21879977,204812442.21879977,204812442.21879977,204812442.21879977,0,0,0,1071323006441.3995
189,9/30/2026,1076824518556.9512,999779582157.6997,1161535378806.2693,999582029023.0314,1161588601253.9727,253759143.58556807,253759143.58556807,253759143.58556807,253759143.58556807,253759143.58556807,253759143.58556807,0,0,0,1077078277700.5367
190,10/31/2026,1082721053933.314,1002132372990.5074,1170164574481.6497,1002199559262.6583,1170273068525.1538,323889643.13857013,323889643.13857013,323889643.13857013,323889643.13857013,323889643.13857013,323889643.13857013,0,0,0,1083044943576.4525
191,11/30/2026,1088427378491.0841,1004833727138.3585,1178092966471.7249,1004226638416.7393,1177756775179.3618,22467425.751687903,22467425.751687903,22467425.751687903,22467425.751687903,22467425.751687903,22467425.751687903,0,0,0,1088449845916.8358
192,12/31/2026,1094323913867.4468,1007254495305.698,1187020436340.112,1006869865744.7958,1185902224238.788,-435686553.8,-435686553.8,-435686553.8,-435686553.8,-435686553.8,-435686553.8,0,0,0,1093888227313.6741
193,1/31/2027,1100220449243.8093,1008729377451.8868,1195625582214.5376,1010929464473.1713,1195347285899.1016,-943965008.2,-943965008.2,-943965008.2,-943965008.2,-943965008.2,-943965008.2,0,0,0,1099276484235.5967
194,2/28/2027,1105546352164.395,1012793427836.7056,1203941968474.0986,1012931481233.3959,1204280432772.9775,-917140883.7,-917140883.7,-917140883.7,-917140883.7,-917140883.7,-917140883.7,0,0,0,1104629211280.7212
195,3/31/2027,1111442887540.7578,1015381667450.6514,1213391263208.911,1015116011708.7046,1213866250887.3044,-434687505.5,-434687505.5,-434687505.5,-434687505.5,-434687505.5,-434687505.5,0,0,0,1111008200035.2646
196,4/30/2027,1117149212098.528,1019744581424.3522,1222736420160.067,1018345714585.4569,1222648932346.463,-18997213.42,-18997213.42,-18997213.42,-18997213.42,-18997213.42,-18997213.42,0,0,0,1117130214885.1047
197,5/31/2027,1123045747474.8909,1021339813500.9878,1232193852796.8274,1021763908327.7161,1231726509682.6887,142795910.90968487,142795910.90968487,142795910.90968487,142795910.90968487,142795910.90968487,142795910.90968487,0,0,0,1123188543385.8005
198,6/30/2027,1128752072032.661,1024571172220.7538,1240100755756.0078,1024975119450.0867,1240714341541.791,267547462.62923324,267547462.62923324,267547462.62923324,267547462.62923324,267547462.62923324,267547462.62923324,0,0,0,1.12902E+12
199,7/31/2027,1134648607409.0237,1027565079217.9773,1249688877937.869,1026231685206.7059,1249678800882.6877,158307130.7963501,158307130.7963501,158307130.7963501,158307130.7963501,158307130.7963501,158307130.7963501,0,0,0,1.13481E+12
200,8/31/2027,1140545142785.3865,1029175233805.5231,1258124280802.8118,1028588038379.9741,1258067783029.0356,114821662.84543021,114821662.84543021,114821662.84543021,114821662.84543021,114821662.84543021,114821662.84543021,0,0,0,1140659964448.232
201,9/30/2027,1146251467343.1567,1030874271309.7562,1267198615967.4119,1030199022567.8567,1267251078501.6877,190092441.19634283,190092441.19634283,190092441.19634283,190092441.19634283,190092441.19634283,190092441.19634283,0,0,0,1146441559784.353
202,10/31/2027,1152148002719.5195,1034551186652.7858,1276701473819.7795,1034229355626.5625,1276650127713.784,410757552,410757552,410757552,410757552,410757552,410757552,0,0,0,1152558760271.5232
203,11/30/2027,1157854327277.2896,1036998946712.2981,1285750256798.9521,1036588082435.8027,1284897136537.2097,33614109.23618558,33614109.23618558,33614109.23618558,33614109.23618558,33614109.23618558,33614109.23618558,0,0,0,1157887941386.5256
204,12/31/2027,1163750862653.6523,1038290756005.8198,1294689084477.8552,1038097475100.9421,1293359508772.135,-339724636.7,-339724636.7,-339724636.7,-339724636.7,-339724636.7,-339724636.7,0,0,0,1163411138016.9392
205,1/31/2028,1169647398030.0151,1039811581446.1107,1301792226444.478,1041354100125.631,1302513085347.764,-846541423.9,-846541423.9,-846541423.9,-846541423.9,-846541423.9,-846541423.9,0,0,0,1168800856606.068
206,2/29/2028,1175163511769.193,1.0428E+12,1309544709275.3467,1042692360802.785,1309905633339.5996,-157006429.3,-157006429.3,-157006429.3,-157006429.3,-157006429.3,-157006429.3,0,0,0,1175006505339.8752
207,3/31/2028,1181060047145.5557,1043044826198.6693,1320612545731.2441,1044304052945.6206,1318273225679.2473,-339886969.9,-339886969.9,-339886969.9,-339886969.9,-339886969.9,-339886969.9,0,0,0,1180720160175.6846
208,4/30/2028,1186766371703.326,1046375610217.0386,1327343616091.8076,1044666472797.6678,1327427859234.6135,-264088521,-264088521,-264088521,-264088521,-264088521,-264088521,0,0,0,1186502283182.3489
209,5/31/2028,1192662907079.6887,1046838094923.8011,1336429877944.1436,1046963517733.4917,1337207465206.743,-187996341.7,-187996341.7,-187996341.7,-187996341.7,-187996341.7,-187996341.7,0,0,0,1192474910738.0098
210,6/30/2028,1198369231637.459,1048421088807.126,1346815930978.1482,1048333063851.4507,1346263160746.527,111790969.88106002,111790969.88106002,111790969.88106002,111790969.88106002,111790969.88106002,111790969.88106002,0,0,0,1.19848E+12
211,7/31/2028,1204265767013.8218,1052575987451.0131,1357869586391.0332,1050838849174.8881,1356615609645.154,378896760.93303907,378896760.93303907,378896760.93303907,378896760.93303907,378896760.93303907,378896760.93303907,0,0,0,1204644663774.755
212,8/31/2028,1210162302390.1843,1052735842662.5803,1367493260254.622,1052954899717.6691,1367038287874.4092,384367938.0326192,384367938.0326192,384367938.0326192,384367938.0326192,384367938.0326192,384367938.0326192,0,0,0,1210546670328.217
213,9/30/2028,1215868626947.9546,1055348294975.5925,1376775991699.2485,1056480158603.189,1375233562451.6155,390560134.9466483,390560134.9466483,390560134.9466483,390560134.9466483,390560134.9466483,390560134.9466483,0,0,0,1216259187082.9011
214,10/31/2028,1221765162324.3174,1058231906844.0226,1385563443138.0173,1058493867079.6335,1385354638864.949,157141382.9814411,157141382.9814411,157141382.9814411,157141382.9814411,157141382.9814411,157141382.9814411,0,0,0,1221922303707.2988
215,11/30/2028,1227471486882.0876,1059857321414.172,1.39518E+12,1059706214053.9441,1394698597657.8076,2027123.202721462,2027123.202721462,2027123.202721462,2027123.202721462,2027123.202721462,2027123.202721462,0,0,0,1227473514005.2903
216,12/31/2028,1233368022258.4502,1059061951083.1377,1403507735141.7659,1061672654539.1827,1403777468325.7292,-628498734.8,-628498734.8,-628498734.8,-628498734.8,-628498734.8,-628498734.8,0,0,0,1232739523523.6868
217,1/31/2029,1239264557634.813,1060915351326.4254,1412501072827.3262,1063566215384.9774,1413662230088.2942,-1153024374,-1153024374,-1153024374,-1153024374,-1153024374,-1153024374,0,0,0,1238111533260.547
218,2/28/2029,1244590460555.3984,1062549282076.704,1423395755281.3564,1064900750973.7289,1424111499593.9282,-409431240.7,-409431240.7,-409431240.7,-409431240.7,-409431240.7,-409431240.7,0,0,0,1244181029314.7407
219,3/31/2029,1250486995931.7612,1066833372182.3793,1433346194414.6526,1067201284710.6643,1435206168757.341,-376555660.6,-376555660.6,-376555660.6,-376555660.6,-376555660.6,-376555660.6,0,0,0,1250110440271.1514
220,4/30/2029,1256193320489.5315,1069590937706.0463,1442973920250.1912,1071162893009.6946,1444897861332.5645,-185673585.5,-185673585.5,-185673585.5,-185673585.5,-185673585.5,-185673585.5,0,0,0,1256007646904.0552
221,5/31/2029,1262089855865.894,1072204134745.2017,1454464951357.4153,1072799519028.127,1455389332202.632,-77529889,-77529889,-77529889,-77529889,-77529889,-77529889,0,0,0,1262012325976.893
222,6/30/2029,1267796180423.6646,1073567815139.5322,1464551184970.9563,1073988721436.7334,1464802471969.073,167409363.53686017,167409363.53686017,167409363.53686017,167409363.53686017,167409363.53686017,167409363.53686017,0,0,0,1267963589787.2014
223,7/31/2029,1273692715800.027,1076780743421.0884,1474688710218.7356,1076342161857.1882,1474371284415.6714,308606873.74668294,308606873.74668294,308606873.74668294,308606873.74668294,308606873.74668294,308606873.74668294,0,0,0,1274001322673.7737
224,8/31/2029,1.27959E+12,1077165894206.891,1482078584084.5977,1077387310004.2721,1483164434316.514,294712377.3985459,294712377.3985459,294712377.3985459,294712377.3985459,294712377.3985459,294712377.3985459,0,0,0,1279883963553.7883
225,9/30/2029,1285295575734.1602,1079322636129.0912,1491688729874.975,1078774367472.0723,1491709027532.7234,320610040.85428995,320610040.85428995,320610040.85428995,320610040.85428995,320610040.85428995,320610040.85428995,0,0,0,1285616185775.0144
226,10/31/2029,1291192111110.5227,1080151708885.4785,1502365096428.444,1080180314112.3025,1502761733813.325,239323535.3840875,239323535.3840875,239323535.3840875,239323535.3840875,239323535.3840875,239323535.3840875,0,0,0,1291431434645.9067
227,11/30/2029,1296898435668.2932,1083076692930.6631,1511234484600.803,1081566944109.907,1513262589683.3232,11914978.664491799,11914978.664491799,11914978.664491799,11914978.664491799,11914978.664491799,11914978.664491799,0,0,0,1296910350646.9578
228,12/31/2029,1302794971044.656,1084048917862.6234,1522588752257.0679,1083701662572.6428,1522374940156.5833,-531992459.3,-531992459.3,-531992459.3,-531992459.3,-531992459.3,-531992459.3,0,0,0,1302262978585.3928
229,1/31/2030,1308691506421.0186,1082791074638.0621,1532884196229.1917,1084405470035.3396,1532780833341.1062,-1046157708,-1046157708,-1046157708,-1046157708,-1046157708,-1046157708,0,0,0,1307645348713.4475
230,2/28/2030,1314017409341.6042,1085383517693.6057,1541856879630.5906,1084636721910.332,1541869176397.3286,-662909490.6,-662909490.6,-662909490.6,-662909490.6,-662909490.6,-662909490.6,0,0,0,1313354499851.0178
231,3/31/2030,1319913944717.9668,1086419241694.4125,1552197924912.8796,1086336236369.368,1552394232883.979,-408186565.7,-408186565.7,-408186565.7,-408186565.7,-408186565.7,-408186565.7,0,0,0,1319505758152.282
232,4/30/2030,1325620269275.737,1086850288212.2516,1563602908457.9075,1087856253541.4843,1562838112222.4043,-103933712.3,-103933712.3,-103933712.3,-103933712.3,-103933712.3,-103933712.3,0,0,0,1325516335563.4717
233,5/31/2030,1331516804652.0999,1088351755332.9929,1573582530920.7034,1088845550744.7905,1573346185254.951,32794619.16616432,32794619.16616432,32794619.16616432,32794619.16616432,32794619.16616432,32794619.16616432,0,0,0,1331549599271.266
234,6/30/2030,1.33722E+12,1089068070066.8881,1584946796090.728,1089047630155.5902,1583534102756.8103,219353150.02582607,219353150.02582607,219353150.02582607,219353150.02582607,219353150.02582607,219353150.02582607,0,0,0,1337442482359.896
235,7/31/2030,1343119664586.233,1088907887391.9238,1596203302619.4163,1088677877330.5807,1594397623585.4316,235043666.23497975,235043666.23497975,235043666.23497975,235043666.23497975,235043666.23497975,235043666.23497975,0,0,0,1343354708252.4678
236,8/31/2030,1349016199962.5955,1090171048950.3219,1604829615100.5308,1089636207459.7474,1605594330427.9956,204812442.21985704,204812442.21985704,204812442.21985704,204812442.21985704,204812442.21985704,204812442.21985704,0,0,0,1349221012404.8154
237,9/30/2030,1354722524520.3657,1092711150603.1602,1616153107088.4102,1090884951482.9039,1616587135635.6304,253759143.5849613,253759143.5849613,253759143.5849613,253759143.5849613,253759143.5849613,253759143.5849613,0,0,0,1354976283663.9507
238,10/31/2030,1360619059896.7285,1093585823025.8108,1626866387395.0725,1091440513341.4883,1.62788E+12,323889643.13932264,323889643.13932264,323889643.13932264,323889643.13932264,323889643.13932264,323889643.13932264,0,0,0,1360942949539.868
239,11/30/2030,1366325384454.4988,1093256907380.8601,1639367144223.1553,1093736791941.532,1638745032597.9785,22467425.751399066,22467425.751399066,22467425.751399066,22467425.751399066,22467425.751399066,22467425.751399066,0,0,0,1366347851880.2502
240,12/31/2030,1372221919830.8613,1095990479176.5251,1646522154715.5996,1096855737204.3398,1649184804448.2866,-435686553.8,-435686553.8,-435686553.8,-435686553.8,-435686553.8,-435686553.8,0,0,0,1371786233277.0889
241,1/31/2031,1378118455207.224,1095688537970.5853,1659437448868.7139,1097477949699.1733,1660689544987.2773,-943965008.2,-943965008.2,-943965008.2,-943965008.2,-943965008.2,-943965008.2,0,0,0,1377174490199.0115
242,2/28/2031,1383444358127.8096,1096819244628.9819,1671499686962.322,1097012946475.6384,1671700694547.9292,-917140883.7,-917140883.7,-917140883.7,-917140883.7,-917140883.7,-917140883.7,0,0,0,1382527217244.1384
243,3/31/2031,1389340893504.1724,1099314545324.5258,1682331603108.4043,1098934204329.4249,1682401838557.0198,-434687505.5,-434687505.5,-434687505.5,-434687505.5,-434687505.5,-434687505.5,0,0,0,1388906205998.6785
244,4/30/2031,1395047218061.9426,1100070037722.4631,1693929003038.2527,1100677972513.5693,1692489096826.0615,-18997213.42,-18997213.42,-18997213.42,-18997213.42,-18997213.42,-18997213.42,0,0,0,1395028220848.519
245,5/31/2031,1400943753438.3052,1102827176771.3584,1702485599294.3923,1100782213053.2568,1702836874960.4111,142795910.9080844,142795910.9080844,142795910.9080844,142795910.9080844,142795910.9080844,142795910.9080844,0,0,0,1401086549349.2134
246,6/30/2031,1406650077996.0757,1102367203865.965,1711669835810.4084,1102178532806.5706,1713138032270.9094,267547462.62943232,267547462.62943232,267547462.62943232,267547462.62943232,267547462.62943232,267547462.62943232,0,0,0,1406917625458.705
247,7/31/2031,1412546613372.4382,1104057609397.2544,1724206639777.1108,1103765645943.087,1723761475272.7322,158307130.7953277,158307130.7953277,158307130.7953277,158307130.7953277,158307130.7953277,158307130.7953277,0,0,0,1412704920503.2336
248,8/31/2031,1418443148748.801,1107016834457.5256,1734614179513.1936,1105693011614.3684,1734060805216.2693,114821662.84477733,114821662.84477733,114821662.84477733,114821662.84477733,114821662.84477733,114821662.84477733,0,0,0,1418557970411.6458
249,9/30/2031,1424149473306.5713,1106952733485.9216,1743780639281.834,1106747913703.6956,1743973903172.893,190092441.19643345,190092441.19643345,190092441.19643345,190092441.19643345,190092441.19643345,190092441.19643345,0,0,0,1424339565747.7678
250,10/31/2031,1430046008682.9338,1107817434854.7524,1754714267156.0918,1108334444275.601,1753462094591.8364,410757552,410757552,410757552,410757552,410757552,410757552,0,0,0,1430456766234.9365
251,11/30/2031,1435752333240.7043,1108333060265.9958,1761750510301.1055,1109406172810.573,1762432859145.0166,33614109.24,33614109.24,33614109.24,33614109.24,33614109.24,33614109.24,0,0,0,1.43579E+12
252,12/31/2031,1441648868617.0671,1110340616703.535,1770933452687.8245,1111322413063.6194,1773908918291.0166,-339724636.7,-339724636.7,-339724636.7,-339724636.7,-339724636.7,-339724636.7,0,0,0,1441309143980.3557
253,1/31/2032,1447545403993.4297,1110247627580.5242,1781894358854.6167,1111103000699.4468,1782991508106.9038,-846541423.9,-846541423.9,-846541423.9,-846541423.9,-846541423.9,-846541423.9,0,0,0,1446698862569.4836
254,2/29/2032,1453061517732.6074,1111299330174.4185,1791185118332.5525,1108620928104.537,1792153470839.5789,-157006429.3,-157006429.3,-157006429.3,-157006429.3,-157006429.3,-157006429.3,0,0,0,1452904511303.2898
255,3/31/2032,1458958053108.9702,1.11302E+12,1802416515562.323,1111310163693.6726,1803440216450.9707,-339886969.9,-339886969.9,-339886969.9,-339886969.9,-339886969.9,-339886969.9,0,0,0,1458618166139.0981
256,4/30/2032,1464664377666.7405,1115546956250.725,1813988864875.001,1113466172831.9421,1814734011270.308,-264088521,-264088521,-264088521,-264088521,-264088521,-264088521,0,0,0,1464400289145.7622
257,5/31/2032,1470560913043.1033,1115834543777.3313,1825159563453.6067,1115602968836.7688,1826427544354.7644,-187996341.7,-187996341.7,-187996341.7,-187996341.7,-187996341.7,-187996341.7,0,0,0,1470372916701.4224
258,6/30/2032,1476267237600.8735,1118333463504.267,1836996005401.765,1118066131833.4854,1837628963851.0168,111790969.88255042,111790969.88255042,111790969.88255042,111790969.88255042,111790969.88255042,111790969.88255042,0,0,0,1476379028570.756
259,7/31/2032,1482163772977.236,1119477196271.9087,1846571959025.4548,1119766993609.189,1845341787125.3044,378896760.93248636,378896760.93248636,378896760.93248636,378896760.93248636,378896760.93248636,378896760.93248636,0,0,0,1482542669738.1685
260,8/31/2032,1488060308353.5989,1123320954352.4666,1853250180669.4607,1122083840770.2034,1855870304844.2751,384367938.03257865,384367938.03257865,384367938.03257865,384367938.03257865,384367938.03257865,384367938.03257865,0,0,0,1488444676291.6313
261,9/30/2032,1493766632911.3691,1121941261376.1772,1866397019639.0723,1124341629681.5222,1867650490908.5488,390560134.94712037,390560134.94712037,390560134.94712037,390560134.94712037,390560134.94712037,390560134.94712037,0,0,0,1494157193046.3162
262,10/31/2032,1499663168287.732,1125937564601.635,1876065571819.4727,1125782587674.4001,1877276029220.3276,157141383,157141383,157141383,157141383,157141383,157141383,0,0,0,1499820309670.713
263,11/30/2032,1505369492845.5022,1126949609276.8672,1887395049957.8152,1125961819541.8906,1886907608880.6597,2027123.2020471422,2027123.2020471422,2027123.2020471422,2027123.2020471422,2027123.2020471422,2027123.2020471422,0,0,0,1505371519968.7043
264,12/31/2032,1511266028221.8647,1127637652890.2922,1897246462347.7722,1126243231883.408,1898348700714.0784,-628498734.8,-628498734.8,-628498734.8,-628498734.8,-628498734.8,-628498734.8,0,0,0,1510637529487.103
